Balanced Accuracy,MCC,Sensitivity,Specificity,F1 Score
0.7302717482579355,0.37768087356609403,0.7276290006531678,0.7329144958627031,0.5077484047402006
